ass_id	sum_entropy	mean_entropy	num_var_cols
10613051	6.070376971426381	0.003936690642948366	7
