ass_id	pivotal_seqID	seqID	pident	n_insert_bases	n_delet_bases	seqID_is_also_pivotal
10613051	G_10613051:NZ_CP066836.1:3243611-3245152:minus	G_10613051:NZ_CP066836.1:2159197-2160738:minus	0.996757457846952	0	0	0
10613051	G_10613051:NZ_CP066836.1:3243611-3245152:minus	G_10613051:NZ_CP066836.1:2975089-2976630:minus	0.996757457846952	0	0	0
10613051	G_10613051:NZ_CP066836.1:3243611-3245152:minus	G_10613051:NZ_CP066836.1:3150038-3151579:minus	0.9961089494163424	0	0	0
10613051	G_10613051:NZ_CP066836.1:3243611-3245152:minus	G_10613051:NZ_CP066836.1:4599904-4601445:plus	0.9980544747081712	0	0	0
10613051	G_10613051:NZ_CP066836.1:3243611-3245152:minus	G_10613051:NZ_CP066836.1:3797366-3798907:plus	0.996757457846952	0	0	0
10613051	G_10613051:NZ_CP066836.1:3243611-3245152:minus	G_10613051:NZ_CP066836.1:3016181-3017722:minus	0.996757457846952	0	0	0
10601591	G_10601591:NZ_CP063062.1:373574-375122:plus	G_10601591:NZ_CP063062.1:399242-400790:plus	1.0	0	0	1
10601591	G_10601591:NZ_CP063062.1:399242-400790:plus	G_10601591:NZ_CP063062.1:373574-375122:plus	1.0	0	0	1
