ass_id	seqID	product_size	ppc	f_size	f_start	f_end	f_tm	f_dg	f_bind_len	f_pident	f_cover	r_size	r_start	r_end	r_tm	r_dg	r_bind_len	r_pident	r_cover
10601591	G_10601591:NZ_CP063062.1:373574-375122:plus	416	73.72735583710902	16	1104	1119	58.273104584729765	-20.21472800797419	16	1.0	1.0	22	1520	1498	45.1660080236104	-15.032971635964495	22	0.9090909090909091	1.0
10601591	G_10601591:NZ_CP063062.1:399242-400790:plus	416	73.72735583710902	16	1104	1119	58.273104584729765	-20.21472800797419	16	1.0	1.0	22	1520	1498	45.1660080236104	-15.032971635964495	22	0.9090909090909091	1.0
10613051	G_10613051:NZ_CP066836.1:4599904-4601445:plus	414	81.03455014096052	16	1099	1114	58.273104584729765	-20.21472800797419	16	1.0	1.0	22	1513	1491	56.31024417106528	-21.61927663596449	22	1.0	1.0
10613051	G_10613051:NZ_CP066836.1:3243611-3245152:minus	414	81.03455014096052	16	1099	1114	58.273104584729765	-20.21472800797419	16	1.0	1.0	22	1513	1491	56.31024417106528	-21.61927663596449	22	1.0	1.0
10613051	G_10613051:NZ_CP066836.1:3150038-3151579:minus	414	81.03455014096052	16	1099	1114	58.273104584729765	-20.21472800797419	16	1.0	1.0	22	1513	1491	56.31024417106528	-21.61927663596449	22	1.0	1.0
10613051	G_10613051:NZ_CP066836.1:2159197-2160738:minus	414	81.03455014096052	16	1099	1114	58.273104584729765	-20.21472800797419	16	1.0	1.0	22	1513	1491	56.31024417106528	-21.61927663596449	22	1.0	1.0
10613051	G_10613051:NZ_CP066836.1:2975089-2976630:minus	414	81.03455014096052	16	1099	1114	58.273104584729765	-20.21472800797419	16	1.0	1.0	22	1513	1491	56.31024417106528	-21.61927663596449	22	1.0	1.0
10613051	G_10613051:NZ_CP066836.1:3016181-3017722:minus	414	81.03455014096052	16	1099	1114	58.273104584729765	-20.21472800797419	16	1.0	1.0	22	1513	1491	56.31024417106528	-21.61927663596449	22	1.0	1.0
10613051	G_10613051:NZ_CP066836.1:3797366-3798907:plus	414	81.03455014096052	16	1099	1114	58.273104584729765	-20.21472800797419	16	1.0	1.0	22	1513	1491	56.31024417106528	-21.61927663596449	22	1.0	1.0
