ass_id	seqID	product_size	ppc	f_size	f_start	f_end	f_tm	f_dg	f_bind_len	f_pident	f_cover	r_size	r_start	r_end	r_tm	r_dg	r_bind_len	r_pident	r_cover
10613051	G_10613051:NZ_CP066836.1:4599904-4601445:plus	348	80.30800460488383	20	7	26	50.7322810262699	-17.325383759967735	20	0.95	1.0	18	355	337	62.2544075988971	-22.314230883970957	18	1.0	1.0
10613051	G_10613051:NZ_CP066836.1:3243611-3245152:minus	348	80.30800460488383	20	7	26	50.7322810262699	-17.325383759967735	20	0.95	1.0	18	355	337	62.2544075988971	-22.314230883970957	18	1.0	1.0
10613051	G_10613051:NZ_CP066836.1:3150038-3151579:minus	348	80.30800460488383	20	7	26	50.7322810262699	-17.325383759967735	20	0.95	1.0	18	355	337	62.2544075988971	-22.314230883970957	18	1.0	1.0
10613051	G_10613051:NZ_CP066836.1:2159197-2160738:minus	348	80.30800460488383	20	7	26	50.7322810262699	-17.325383759967735	20	0.95	1.0	18	355	337	62.2544075988971	-22.314230883970957	18	1.0	1.0
10613051	G_10613051:NZ_CP066836.1:2975089-2976630:minus	348	80.30800460488383	20	7	26	50.7322810262699	-17.325383759967735	20	0.95	1.0	18	355	337	62.2544075988971	-22.314230883970957	18	1.0	1.0
10613051	G_10613051:NZ_CP066836.1:3016181-3017722:minus	348	80.30800460488383	20	7	26	50.7322810262699	-17.325383759967735	20	0.95	1.0	18	355	337	62.2544075988971	-22.314230883970957	18	1.0	1.0
10613051	G_10613051:NZ_CP066836.1:3797366-3798907:plus	348	80.30800460488383	20	7	26	50.7322810262699	-17.325383759967735	20	0.95	1.0	18	355	337	62.2544075988971	-22.314230883970957	18	1.0	1.0
