ass_id	seqID	product_size	ppc	f_size	f_start	f_end	f_tm	f_dg	f_bind_len	f_pident	f_cover	r_size	r_start	r_end	r_tm	r_dg	r_bind_len	r_pident	r_cover
10601591	G_10601591:NZ_CP063062.1:373574-375122:plus	623	75.1694665678656	17	345	361	56.85140301680042	-18.85543944597256	17	0.9411764705882353	1.0	18	968	950	49.17689171876157	-16.62551088397093	18	1.0	1.0
10601591	G_10601591:NZ_CP063062.1:399242-400790:plus	623	75.1694665678656	17	345	361	56.85140301680042	-18.85543944597256	17	0.9411764705882353	1.0	18	968	950	49.17689171876157	-16.62551088397093	18	1.0	1.0
10613051	G_10613051:NZ_CP066836.1:4599904-4601445:plus	622	75.1694665678656	17	340	356	56.85140301680042	-18.85543944597256	17	0.9411764705882353	1.0	18	962	944	49.17689171876157	-16.62551088397093	18	1.0	1.0
10613051	G_10613051:NZ_CP066836.1:3243611-3245152:minus	622	75.1694665678656	17	340	356	56.85140301680042	-18.85543944597256	17	0.9411764705882353	1.0	18	962	944	49.17689171876157	-16.62551088397093	18	1.0	1.0
10613051	G_10613051:NZ_CP066836.1:3150038-3151579:minus	622	75.1694665678656	17	340	356	56.85140301680042	-18.85543944597256	17	0.9411764705882353	1.0	18	962	944	49.17689171876157	-16.62551088397093	18	1.0	1.0
10613051	G_10613051:NZ_CP066836.1:2159197-2160738:minus	622	75.1694665678656	17	340	356	56.85140301680042	-18.85543944597256	17	0.9411764705882353	1.0	18	962	944	49.17689171876157	-16.62551088397093	18	1.0	1.0
10613051	G_10613051:NZ_CP066836.1:2975089-2976630:minus	622	75.1694665678656	17	340	356	56.85140301680042	-18.85543944597256	17	0.9411764705882353	1.0	18	962	944	49.17689171876157	-16.62551088397093	18	1.0	1.0
10613051	G_10613051:NZ_CP066836.1:3016181-3017722:minus	622	75.1694665678656	17	340	356	56.85140301680042	-18.85543944597256	17	0.9411764705882353	1.0	18	962	944	49.17689171876157	-16.62551088397093	18	1.0	1.0
10613051	G_10613051:NZ_CP066836.1:3797366-3798907:plus	622	75.1694665678656	17	340	356	56.85140301680042	-18.85543944597256	17	0.9411764705882353	1.0	18	962	944	49.17689171876157	-16.62551088397093	18	1.0	1.0
