ass_id	seqID	product_size	ppc	f_size	f_start	f_end	f_tm	f_dg	f_bind_len	f_pident	f_cover	r_size	r_start	r_end	r_tm	r_dg	r_bind_len	r_pident	r_cover
10601591	G_10601591:NZ_CP063062.1:373574-375122:plus	465	71.94326467133148	17	345	361	56.85140301680042	-18.85543944597256	17	0.9411764705882353	1.0	21	810	789	44.0879950393595	-14.377200197966129	21	0.9047619047619048	1.0
10601591	G_10601591:NZ_CP063062.1:399242-400790:plus	465	71.94326467133148	17	345	361	56.85140301680042	-18.85543944597256	17	0.9411764705882353	1.0	21	810	789	44.0879950393595	-14.377200197966129	21	0.9047619047619048	1.0
10613051	G_10613051:NZ_CP066836.1:4599904-4601445:plus	465	71.94326467133148	17	340	356	56.85140301680042	-18.85543944597256	17	0.9411764705882353	1.0	21	805	784	44.0879950393595	-14.377200197966129	21	0.9047619047619048	1.0
10613051	G_10613051:NZ_CP066836.1:3243611-3245152:minus	465	71.94326467133148	17	340	356	56.85140301680042	-18.85543944597256	17	0.9411764705882353	1.0	21	805	784	44.0879950393595	-14.377200197966129	21	0.9047619047619048	1.0
10613051	G_10613051:NZ_CP066836.1:3150038-3151579:minus	465	71.94326467133148	17	340	356	56.85140301680042	-18.85543944597256	17	0.9411764705882353	1.0	21	805	784	44.0879950393595	-14.377200197966129	21	0.9047619047619048	1.0
10613051	G_10613051:NZ_CP066836.1:2159197-2160738:minus	465	71.94326467133148	17	340	356	56.85140301680042	-18.85543944597256	17	0.9411764705882353	1.0	21	805	784	44.0879950393595	-14.377200197966129	21	0.9047619047619048	1.0
10613051	G_10613051:NZ_CP066836.1:2975089-2976630:minus	465	71.94326467133148	17	340	356	56.85140301680042	-18.85543944597256	17	0.9411764705882353	1.0	21	805	784	44.0879950393595	-14.377200197966129	21	0.9047619047619048	1.0
10613051	G_10613051:NZ_CP066836.1:3016181-3017722:minus	465	71.94326467133148	17	340	356	56.85140301680042	-18.85543944597256	17	0.9411764705882353	1.0	21	805	784	44.0879950393595	-14.377200197966129	21	0.9047619047619048	1.0
10613051	G_10613051:NZ_CP066836.1:3797366-3798907:plus	465	71.94326467133148	17	340	356	56.85140301680042	-18.85543944597256	17	0.9411764705882353	1.0	21	805	784	44.0879950393595	-14.377200197966129	21	0.9047619047619048	1.0
