ass_id	seqID	product_size	ppc	f_size	f_start	f_end	f_tm	f_dg	f_bind_len	f_pident	f_cover	r_size	r_start	r_end	r_tm	r_dg	r_bind_len	r_pident	r_cover
10613051	G_10613051:NZ_CP066836.1:4599904-4601445:plus	448	82.849321381963	19	514	532	66.67565803449554	-25.397452321969293	19	1.0	1.0	18	962	944	49.17689171876157	-16.62551088397093	18	1.0	1.0
10613051	G_10613051:NZ_CP066836.1:3243611-3245152:minus	448	82.849321381963	19	514	532	66.67565803449554	-25.397452321969293	19	1.0	1.0	18	962	944	49.17689171876157	-16.62551088397093	18	1.0	1.0
10613051	G_10613051:NZ_CP066836.1:3150038-3151579:minus	448	82.849321381963	19	514	532	66.67565803449554	-25.397452321969293	19	1.0	1.0	18	962	944	49.17689171876157	-16.62551088397093	18	1.0	1.0
10613051	G_10613051:NZ_CP066836.1:2159197-2160738:minus	448	82.849321381963	19	514	532	66.67565803449554	-25.397452321969293	19	1.0	1.0	18	962	944	49.17689171876157	-16.62551088397093	18	1.0	1.0
10613051	G_10613051:NZ_CP066836.1:2975089-2976630:minus	448	82.849321381963	19	514	532	66.67565803449554	-25.397452321969293	19	1.0	1.0	18	962	944	49.17689171876157	-16.62551088397093	18	1.0	1.0
10613051	G_10613051:NZ_CP066836.1:3016181-3017722:minus	448	82.849321381963	19	514	532	66.67565803449554	-25.397452321969293	19	1.0	1.0	18	962	944	49.17689171876157	-16.62551088397093	18	1.0	1.0
10613051	G_10613051:NZ_CP066836.1:3797366-3798907:plus	448	82.849321381963	19	514	532	66.67565803449554	-25.397452321969293	19	1.0	1.0	18	962	944	49.17689171876157	-16.62551088397093	18	1.0	1.0
