ass_id	seqID	product_size	ppc	f_size	f_start	f_end	f_tm	f_dg	f_bind_len	f_pident	f_cover	r_size	r_start	r_end	r_tm	r_dg	r_bind_len	r_pident	r_cover
10601591	G_10601591:NZ_CP063062.1:373574-375122:plus	618	80.53563116670962	23	922	944	69.75253114174592	-29.94629307396291	23	1.0	1.0	18	1540	1522	40.25633225642963	-12.124825850976572	14	0.9285714285714286	0.7777777777777778
10601591	G_10601591:NZ_CP063062.1:399242-400790:plus	618	80.53563116670962	23	922	944	69.75253114174592	-29.94629307396291	23	1.0	1.0	18	1540	1522	40.25633225642963	-12.124825850976572	14	0.9285714285714286	0.7777777777777778
10613051	G_10613051:NZ_CP066836.1:4599904-4601445:plus	278	92.09766286190444	23	916	938	69.42705453218969	-29.711518073962885	23	1.0	1.0	18	1194	1176	60.513334097613324	-21.44092088397099	18	1.0	1.0
10613051	G_10613051:NZ_CP066836.1:3243611-3245152:minus	278	92.09766286190444	23	916	938	69.42705453218969	-29.711518073962885	23	1.0	1.0	18	1194	1176	60.513334097613324	-21.44092088397099	18	1.0	1.0
10613051	G_10613051:NZ_CP066836.1:3150038-3151579:minus	278	92.09766286190444	23	916	938	69.42705453218969	-29.711518073962885	23	1.0	1.0	18	1194	1176	60.513334097613324	-21.44092088397099	18	1.0	1.0
10613051	G_10613051:NZ_CP066836.1:2159197-2160738:minus	278	92.09766286190444	23	916	938	69.42705453218969	-29.711518073962885	23	1.0	1.0	18	1194	1176	60.513334097613324	-21.44092088397099	18	1.0	1.0
10613051	G_10613051:NZ_CP066836.1:2975089-2976630:minus	278	92.09766286190444	23	916	938	69.42705453218969	-29.711518073962885	23	1.0	1.0	18	1194	1176	60.513334097613324	-21.44092088397099	18	1.0	1.0
10613051	G_10613051:NZ_CP066836.1:3016181-3017722:minus	278	92.09766286190444	23	916	938	69.42705453218969	-29.711518073962885	23	1.0	1.0	18	1194	1176	60.513334097613324	-21.44092088397099	18	1.0	1.0
10613051	G_10613051:NZ_CP066836.1:3797366-3798907:plus	278	92.09766286190444	23	916	938	69.42705453218969	-29.711518073962885	23	1.0	1.0	18	1194	1176	60.513334097613324	-21.44092088397099	18	1.0	1.0
